Feature,Importance
location,0.5187530077155446
preferred_color,0.2987815810302957
average_purchase_amount,0.03136027503311651
total_purchase_amount,0.02864536487401008
age,0.02841591954933691
average_review_rating,0.024889399824109905
total_purchases,0.02484827823438578
preferred_payment_method,0.014673212577310428
preferred_shipping,0.01456032100471796
preferred_size,0.009949451043943259
gender,0.005123189113228951
is_subscriber,0.0
used_promo_code,0.0
