Feature,Importance
location,0.5529135466163895
preferred_color,0.2900280313808149
average_purchase_amount,0.02833801741341937
age,0.025857295313456395
total_purchase_amount,0.024684948513990963
total_purchases,0.02227654041989858
average_review_rating,0.021850263878798577
preferred_payment_method,0.013065702336448297
preferred_shipping,0.012023347543959072
preferred_size,0.008962306582824455
is_subscriber,0.0
used_promo_code,0.0
